LEAID,LEANAME,Total_Sites,LEA_Enrollment,Total_Sites_CEP,Total_Students_CEP,District_ISP,All_Sites,Some_sites,school_year,CEP_treat,CEP_year,first_treat_year
2301002,ANNEX SD 29,1,66,1,60,0.65,A,NA,2014-2015,1,2014,2014
201001,ALSEA SD 7J,1,460,1,175,0.4971,A,NA,2020-2021,1,2020,2020
2301002,ANNEX SD 29,1,61,1,77,0.5128,A,NA,2020-2021,1,2020,2014
2301002,ANNEX SD 29,1,77,1,77,0.5128,A,NA,2017-2018,1,2017,2014
2301002,ANNEX SD 29,1,83,1,83,0.5128,A,NA,2018-2019,1,2018,2014
2301002,ANNEX SD 29,1,94,1,94,0.5128,A,NA,2019-2020,1,2019,2014
2301002,ANNEX SD 29,1,76,1,60,0.65,A,NA,2015-2016,1,2015,2014
401002,ASTORIA SD 1,4,1851,2,824,NA,NA,S,2016-2017,1,2016,2015
401002,ASTORIA SD 1,4,1876,2,834,NA,NA,S,2015-2016,1,2015,2015
3001001,ATHENA-WESTON SD 29RJ,3,548,2,401,NA,NA,S,2020-2021,1,2020,2019
3001001,ATHENA-WESTON SD 29RJ,3,583,2,402,NA,NA,S,2019-2020,1,2019,2019
3402002,BEAVERTON SD 48J,52,37141,13,7001,NA,NA,S,2020-2021,1,2020,2014
3402002,BEAVERTON SD 48J,51,38911,1,551,NA,NA,S,2014-2015,1,2014,2014
3402002,BEAVERTON SD 48J,50,39646,1,551,NA,NA,S,2015-2016,1,2015,2014
3402002,BEAVERTON SD 48J,50,39751,1,551,NA,NA,S,2016-2017,1,2016,2014
3402002,BEAVERTON SD 48J,50,39409,1,492,NA,NA,S,2017-2018,1,2017,2014
3402002,BEAVERTON SD 48J,52,39352,1,158,NA,NA,S,2018-2019,1,2018,2014
3402002,BEAVERTON SD 48J,52,39365,1,130,NA,NA,S,2019-2020,1,2019,2014
902001,BEND-LAPINE ADMINISTRATIVE SD 1,33,15603,10,3400,NA,NA,S,2020-2021,1,2020,2014
902001,BEND-LAPINE ADMINISTRATIVE SD 1,29,16689,8,2031,NA,NA,S,2014-2015,1,2014,2014
902001,BEND-LAPINE ADMINISTRATIVE SD 1,32,17059,8,2031,NA,NA,S,2015-2016,1,2015,2014
902001,BEND-LAPINE ADMINISTRATIVE SD 1,32,17520,8,2031,NA,NA,S,2016-2017,1,2016,2014
902001,BEND/LAPINE SD,32,18139,8,2014,NA,NA,S,2017-2018,1,2017,2017
902001,BEND/LAPINE SD,32,18166,5,1060,NA,NA,S,2018-2019,1,2018,2017
902001,BEND/LAPINE SD,32,17972,5,1007,NA,NA,S,2019-2020,1,2019,2017
2002002,BETHEL SD 52,11,5242,10,3973,NA,NA,S,2020-2021,1,2020,2015
2002002,BETHEL SD 52,11,5570,6,1846,NA,NA,S,2016-2017,1,2016,2015
2002002,BETHEL SD 52,11,5482,6,1810,NA,NA,S,2019-2020,1,2019,2015
2002002,BETHEL SD 52,11,5553,6,1822,NA,NA,S,2017-2018,1,2017,2015
2002002,BETHEL SD 52,11,5577,6,1824,NA,NA,S,2018-2019,1,2018,2015
2002002,BETHEL SD 52,11,5607,6,1719,NA,NA,S,2015-2016,1,2015,2015
1502001,BUTTE FALLS SD 91,2,215,2,215,NA,A,NA,2017-2018,1,2017,2014
1502001,BUTTE FALLS SD 91,2,236,2,236,NA,A,NA,2018-2019,1,2018,2014
1502001,BUTTE FALLS SD 91,1,139,1,139,0.5048,A,NA,2019-2020,1,2019,2014
1502001,BUTTE FALLS SD 91,2,143,2,141,NA,A,NA,2014-2015,1,2014,2014
1502001,BUTTE FALLS SD 91,2,146,2,141,NA,A,NA,2015-2016,1,2015,2014
1502001,BUTTE FALLS SD 91,2,189,2,141,NA,A,NA,2016-2017,1,2016,2014
1502001,BUTTE FALLS SD 91,1,232,1,110,NA,A,NA,2020-2021,1,2020,2014
2603006,CENTENNIAL SD 28J,10,6058,5,2274,NA,NA,S,2016-2017,1,2016,2014
2603006,CENTENNIAL SD 28J,11,6209,5,2274,NA,NA,S,2015-2016,1,2015,2014
2603006,CENTENNIAL SD 28J,10,6244,3,1651,NA,NA,S,2019-2020,1,2019,2014
2603006,CENTENNIAL SD 28J,9,5543,3,1330,NA,NA,S,2020-2021,1,2020,2014
2603006,CENTENNIAL SD 28J,10,5998,3,1316,NA,NA,S,2018-2019,1,2018,2014
2603006,CENTENNIAL SD 28J,10,6064,3,1330,NA,NA,S,2017-2018,1,2017,2014
2603006,CENTENNIAL SD 28J,11,6153,3,1308,NA,NA,S,2014-2015,1,2014,2014
803001,CENTRAL CURRY SD 1,2,434,2,481,0.4075,A,NA,2020-2021,1,2020,2020
1503002,CENTRAL POINT SD 6,10,4759,6,2643,NA,NA,S,2018-2019,1,2018,2014
1503002,CENTRAL POINT SD 6,10,4708,6,2556,NA,NA,S,2017-2018,1,2017,2014
1503002,CENTRAL POINT SD 6,10,4684,6,2458,NA,NA,S,2020-2021,1,2020,2014
1503002,CENTRAL POINT SD 6,10,4592,6,2360,NA,NA,S,2015-2016,1,2015,2014
1503002,CENTRAL POINT SD 6,10,4609,6,2360,NA,NA,S,2016-2017,1,2016,2014
1503002,CENTRAL POINT SD 6,10,4433,4,1514,NA,NA,S,2014-2015,1,2014,2014
1503002,CENTRAL POINT SD 6,10,4753,2,555,NA,NA,S,2019-2020,1,2019,2014
2703001,CENTRAL SD 13J,5,3127,4,2268,NA,NA,S,2020-2021,1,2020,2020
2403006,CHEMAWA INDIAN SCHOOL,1,NA,1,NA,0.5632,A,NA,2019-2020,1,2019,2017
2403006,CHEMAWA INDIAN SCHOOL,1,401,1,401,0.5632,A,NA,2017-2018,1,2017,2017
2403006,CHEMAWA INDIAN SCHOOL,1,246,1,246,0.5632,A,NA,2018-2019,1,2018,2017
2403006,CHEMAWA INDIAN SCHOOL,1,401,1,401,0.5632,A,NA,2020-2021,1,2020,2017
2603012,COMMUNITY TRANSITIONAL SCHOOL,1,79,1,79,0.7089,A,NA,2014-2015,1,2014,2014
2603012,COMMUNITY TRANSITIONAL SCHOOL,1,79,1,79,0.7089,A,NA,2015-2016,1,2015,2014
2603012,COMMUNITY TRANSITIONAL SCHOOL,1,79,1,79,0.7089,A,NA,2016-2017,1,2016,2014
2603012,COMMUNITY TRANSITIONAL SCHOOL,1,1620,1,1620,0.7089,A,NA,2017-2018,1,2017,2014
2603012,COMMUNITY TRANSITIONAL SCHOOL,1,1887,1,1887,0.8333,A,NA,2018-2019,1,2018,2014
2603012,COMMUNITY TRANSITIONAL SCHOOL,1,88,1,88,0.8333,A,NA,2019-2020,1,2019,2014
2603012,COMMUNITY TRANSITIONAL SCHOOL,1,96,1,96,0.8333,A,NA,2020-2021,1,2020,2014
603004,COOS BAY SD 009,7,3283,5,2122,NA,NA,S,2018-2019,1,2018,2018
603004,COOS BAY SD 009,7,3274,5,2095,NA,NA,S,2019-2020,1,2019,2018
603004,COOS BAY SD 9,8,2925,8,3103,0.4409,A,NA,2020-2021,1,2020,2020
603005,COQUILLE SD 8,7,1078,7,1515,0.4205,A,NA,2020-2021,1,2020,2015
603005,COQUILLE SD 8,5,943,4,968,0.4112,NA,S,2015-2016,1,2015,2015
603005,COQUILLE SD 8,5,1091,5,1091,0.4112,A,NA,2017-2018,1,2017,2015
603005,COQUILLE SD 8,7,1330,7,1330,NA,A,NA,2018-2019,1,2018,2015
603005,COQUILLE SD 8,7,1206,7,1206,NA,A,NA,2019-2020,1,2019,2015
603005,COQUILLE SD 8,5,989,4,968,0.4112,NA,S,2016-2017,1,2016,2015
703001,CROOK CO SD,6,2716,2,119,NA,NA,S,2017-2018,1,2017,2017
703001,CROOK CO SD,6,2656,2,95,NA,NA,S,2018-2019,1,2018,2017
703001,CROOK CO SD,6,2666,2,82,NA,NA,S,2019-2020,1,2019,2017
703001,CROOK COUNTY SD,7,2662,3,531,NA,NA,S,2014-2015,1,2014,2014
703001,CROOK COUNTY SD,6,2724,2,148,NA,NA,S,2016-2017,1,2016,2014
703001,CROOK COUNTY SD,6,2707,2,135,NA,NA,S,2015-2016,1,2015,2014
2604001,DAVID DOUGLAS SD 40,16,9105,14,8952,NA,NA,S,2020-2021,1,2020,2014
2604001,DAVID DOUGLAS SD 40,16,10528,6,2911,NA,NA,S,2016-2017,1,2016,2014
2604001,DAVID DOUGLAS SD 40,17,10709,6,2911,NA,NA,S,2015-2016,1,2015,2014
2604001,DAVID DOUGLAS SD 40,17,10843,3,1766,NA,NA,S,2014-2015,1,2014,2014
2604001,DAVID DOUGLAS SD 40,16,10683,3,1412,NA,NA,S,2017-2018,1,2017,2014
2604001,DAVID DOUGLAS SD 40,16,10451,3,1352,NA,NA,S,2018-2019,1,2018,2014
2604001,DAVID DOUGLAS SD 40,16,10067,3,1294,NA,NA,S,2019-2020,1,2019,2014
3604001,DAYTON SD 008,3,1016,3,1016,0.42,A,NA,2017-2018,1,2017,2017
3604001,DAYTON SD 008,3,1038,3,1038,0.42,A,NA,2018-2019,1,2018,2017
3604001,DAYTON SD 8,3,980,3,969,0.42,A,NA,2015-2016,1,2015,2015
3604001,DAYTON SD 8,3,981,3,969,0.42,A,NA,2016-2017,1,2016,2015
3604001,DAYTON SD 8,3,943,1,365,NA,NA,S,2020-2021,1,2020,2015
1004001,DOUGLAS COUNTY SD 15,1,206,1,842,0.4211,A,NA,2020-2021,1,2020,2020
1018004,DOUGLAS COUNTY SD 4,12,5278,10,4857,NA,NA,S,2020-2021,1,2020,2020
3304001,DUFUR SD 29,2,345,1,372,0.4233,NA,S,2020-2021,1,2020,2017
3304001,DUFUR SD 29,2,305,2,305,0.4233,A,NA,2017-2018,1,2017,2017
3304001,DUFUR SD 29,2,316,2,316,0.4233,A,NA,2018-2019,1,2018,2017
3304001,DUFUR SD 29,2,376,2,376,0.4233,A,NA,2019-2020,1,2019,2017
1505001,EAGLE POINT SD 9,12,3904,12,4121,0.4429,A,NA,2020-2021,1,2020,2014
1505001,EAGLE POINT SD 9,12,4110,6,1959,NA,NA,S,2019-2020,1,2019,2014
1505001,EAGLE POINT SD 9,12,4098,6,1927,NA,NA,S,2018-2019,1,2018,2014
1505001,EAGLE POINT SD 9,10,3959,4,1435,NA,NA,S,2014-2015,1,2014,2014
1505001,EAGLE POINT SD 9,12,4035,4,1435,NA,NA,S,2015-2016,1,2015,2014
1505001,EAGLE POINT SD 9,12,4040,4,1435,NA,NA,S,2016-2017,1,2016,2014
1505001,EAGLE POINT SD 9,12,4065,4,1384,NA,NA,S,2017-2018,1,2017,2014
305002,ESTACADA SD 108,4,1641,3,1118,NA,NA,S,2015-2016,1,2015,2014
305002,ESTACADA SD 108,4,1669,3,1118,NA,NA,S,2014-2015,1,2014,2014
2005005,EUGENE SD 4J,34,15576,20,6983,NA,NA,S,2020-2021,1,2020,2016
2005005,EUGENE SD 4J,33,16371,9,3472,NA,NA,S,2019-2020,1,2019,2016
2005005,EUGENE SD 4J,33,15939,5,2035,NA,NA,S,2018-2019,1,2018,2016
2005005,EUGENE SD 4J,33,16023,5,1913,NA,NA,S,2017-2018,1,2017,2016
2005005,EUGENE SD 4J,33,15936,5,1812,NA,NA,S,2016-2017,1,2016,2016
2706001,FALLS CITY SD 57,2,170,2,207,0.5797,A,NA,2020-2021,1,2020,2014
2706001,FALLS CITY SD 57,2,143,2,164,0.6402,A,NA,2014-2015,1,2014,2014
2706001,FALLS CITY SD 57,2,216,2,216,0.6402,A,NA,2017-2018,1,2017,2014
2706001,FALLS CITY SD 57,2,215,2,215,0.5797,A,NA,2018-2019,1,2018,2014
2706001,FALLS CITY SD 57,2,191,2,191,0.5797,A,NA,2019-2020,1,2019,2014
2706001,FALLS CITY SD 57,2,175,2,164,0.6402,A,NA,2016-2017,1,2016,2014
2706001,FALLS CITY SD 57,2,178,2,164,0.6402,A,NA,2015-2016,1,2015,2014
3406001,FOREST GROVE SD 15,12,5485,4,1605,NA,NA,S,2020-2021,1,2020,2014
3406001,FOREST GROVE SD 15,12,5888,3,1138,NA,NA,S,2019-2020,1,2019,2014
3406001,FOREST GROVE SD 15,12,5827,2,823,NA,NA,S,2014-2015,1,2014,2014
3406001,FOREST GROVE SD 15,12,5885,2,823,NA,NA,S,2015-2016,1,2015,2014
3406001,FOREST GROVE SD 15,13,5924,2,823,NA,NA,S,2016-2017,1,2016,2014
3406001,FOREST GROVE SD 15,13,5917,2,664,NA,NA,S,2018-2019,1,2018,2014
3406001,FOREST GROVE SD 15,13,5919,2,643,NA,NA,S,2017-2018,1,2017,2014
2306001,FOUR RIVERS COMMUNITY SCHOOL,2,280,2,282,NA,A,NA,2016-2017,1,2016,2015
2306001,FOUR RIVERS COMMUNITY SCHOOL,2,277,2,277,NA,A,NA,2017-2018,1,2017,2015
2306001,FOUR RIVERS COMMUNITY SCHOOL,2,304,2,304,NA,A,NA,2018-2019,1,2018,2015
2306001,FOUR RIVERS COMMUNITY SCHOOL,2,319,2,319,NA,A,NA,2019-2020,1,2019,2015
2306001,FOUR RIVERS COMMUNITY SCHOOL,1,253,1,252,0.5397,A,NA,2015-2016,1,2015,2015
2306001,FOUR RIVERS COMMUNITY SCHOOL,2,350,2,348,NA,A,NA,2020-2021,1,2020,2015
2407001,GERVAIS SD 1,5,915,5,1051,NA,A,NA,2020-2021,1,2020,2014
2407001,GERVAIS SD 1,5,995,5,1106,NA,A,NA,2016-2017,1,2016,2014
2407001,GERVAIS SD 1,5,1068,5,1106,NA,A,NA,2015-2016,1,2015,2014
2407001,GERVAIS SD 1,5,1070,5,1070,NA,A,NA,2017-2018,1,2017,2014
2407001,GERVAIS SD 1,5,1065,5,1065,NA,A,NA,2018-2019,1,2018,2014
2407001,GERVAIS SD 1,5,1038,5,1038,NA,A,NA,2019-2020,1,2019,2014
2407001,GERVAIS SD 1,4,1056,4,1043,NA,A,NA,2014-2015,1,2014,2014
1007001,GLENDALE SD 77,2,277,2,319,0.4263,A,NA,2016-2017,1,2016,2014
1007001,GLENDALE SD 77,2,279,2,300,0.4,A,NA,2020-2021,1,2020,2014
1007001,GLENDALE SD 77,2,308,2,319,0.4263,A,NA,2015-2016,1,2015,2014
1007001,GLENDALE SD 77,2,298,2,298,0.4263,A,NA,2017-2018,1,2017,2014
1007001,GLENDALE SD 77,2,390,2,390,0.4,A,NA,2018-2019,1,2018,2014
1007001,GLENDALE SD 77,2,379,2,379,0.4,A,NA,2019-2020,1,2019,2014
1007001,GLENDALE SD 77,2,343,2,319,0.4263,A,NA,2014-2015,1,2014,2014
1707001,GRANTS PASS SD 7,10,5109,9,6028,0.4109,NA,S,2020-2021,1,2020,2014
1707001,GRANTS PASS SD 7,10,5899,10,5899,0.4529,A,NA,2017-2018,1,2017,2014
1707001,GRANTS PASS SD 7,10,6064,10,6064,0.4529,A,NA,2018-2019,1,2018,2014
1707001,GRANTS PASS SD 7,10,6052,10,6052,0.3754,A,NA,2019-2020,1,2019,2014
1707001,GRANTS PASS SD 7,10,5922,10,5838,0.4535,A,NA,2016-2017,1,2016,2014
1707001,GRANTS PASS SD 7,10,5879,9,5757,NA,NA,S,2014-2015,1,2014,2014
1707001,GRANTS PASS SD 7,10,6036,10,5838,0.4535,A,NA,2015-2016,1,2015,2014
2207001,GREATER ALBANY PUBLIC SD 8J,20,7883,9,2518,NA,NA,S,2020-2021,1,2020,2016
2207001,GREATER ALBANY PUBLIC SD 8J,21,9416,1,247,NA,NA,S,2016-2017,1,2016,2016
2207001,GREATER ALBANY SD 8J,21,9300,9,2656,NA,NA,S,2018-2019,1,2018,2017
2207001,GREATER ALBANY SD 8J,20,9028,9,2565,NA,NA,S,2019-2020,1,2019,2017
2207001,GREATER ALBANY SD 8J,21,10541,1,296,NA,NA,S,2017-2018,1,2017,2017
2607003,GRESHAM-BARLOW SD 10J,20,11026,9,4277,NA,NA,S,2015-2016,1,2015,2014
2607003,GRESHAM-BARLOW SD 10J,21,11162,9,4277,NA,NA,S,2016-2017,1,2016,2014
2607003,GRESHAM-BARLOW SD 10J,20,11116,9,4209,NA,NA,S,2017-2018,1,2017,2014
2607003,GRESHAM-BARLOW SD 10J,21,11298,9,4277,NA,NA,S,2014-2015,1,2014,2014
2607003,GRESHAM-BARLOW SD 10J,20,11190,3,1312,NA,NA,S,2020-2021,1,2020,2014
2607003,GRESHAM-BARLOW SD 10J,21,11678,3,1310,NA,NA,S,2018-2019,1,2018,2014
2607003,GRESHAM-BARLOW SD 10J,21,11570,3,1245,NA,NA,S,2019-2020,1,2019,2014
3408001,HILLSBORO SD 1J,35,17680,14,6559,NA,NA,S,2020-2021,1,2020,2014
3408001,HILLSBORO SD 1J,34,20003,14,5648,NA,NA,S,2016-2017,1,2016,2014
3408001,HILLSBORO SD 1J,34,20218,14,5648,NA,NA,S,2015-2016,1,2015,2014
3408001,HILLSBORO SD 1J,34,20257,14,5648,NA,NA,S,2014-2015,1,2014,2014
3408001,HILLSBORO SD 1J,34,20080,14,5581,NA,NA,S,2017-2018,1,2017,2014
3408001,HILLSBORO SD 1J,34,20301,8,3445,NA,NA,S,2018-2019,1,2018,2014
3408001,HILLSBORO SD 1J,35,20234,8,3367,NA,NA,S,2019-2020,1,2019,2014
1408001,HOOD RIVER COUNTY SD,8,3729,4,1190,NA,NA,S,2020-2021,1,2020,2014
1408001,HOOD RIVER COUNTY SD,8,4072,2,299,NA,NA,S,2016-2017,1,2016,2014
1408001,HOOD RIVER COUNTY SD,8,4107,2,301,NA,NA,S,2014-2015,1,2014,2014
1408001,HOOD RIVER COUNTY SD,8,4109,2,299,NA,NA,S,2015-2016,1,2015,2014
1408001,HOOD RIVER COUNTY SD,8,4091,2,296,NA,NA,S,2019-2020,1,2019,2014
1408001,HOOD RIVER COUNTY SD,8,4109,2,286,NA,NA,S,2017-2018,1,2017,2014
1408001,HOOD RIVER COUNTY SD,8,4038,2,268,NA,NA,S,2018-2019,1,2018,2014
1610001,JEFFERSON COUNTY SD 509J,8,2740,8,2907,0.5789,A,NA,2020-2021,1,2020,2014
1610001,JEFFERSON COUNTY SD 509J,8,2901,8,2901,0.6661,A,NA,2017-2018,1,2017,2014
1610001,JEFFERSON COUNTY SD 509J,8,2882,8,2882,0.5789,A,NA,2018-2019,1,2018,2014
1610001,JEFFERSON COUNTY SD 509J,8,2830,8,2830,0.5789,A,NA,2019-2020,1,2019,2014
1610001,JEFFERSON COUNTY SD 509J,8,2904,8,2863,0.6661,A,NA,2015-2016,1,2015,2014
1610001,JEFFERSON COUNTY SD 509J,8,2941,8,2863,0.6661,A,NA,2016-2017,1,2016,2014
1610001,JEFFERSON COUNTY SD 509J,8,2947,8,2863,0.6661,A,NA,2014-2015,1,2014,2014
1511001,KIDS UNLIMITED OF OREGON,1,250,1,250,0.52,A,NA,2015-2016,1,2015,2015
1511001,KIDS UNLIMITED OF OREGON,1,250,1,250,0.52,A,NA,2016-2017,1,2016,2015
1511001,KIDS UNLIMITED OF OREGON,1,350,1,350,0.52,A,NA,2017-2018,1,2017,2015
1511001,KIDS UNLIMITED OF OREGON,1,400,1,400,0.52,A,NA,2018-2019,1,2018,2015
1511001,KIDS UNLIMITED OF OREGON,1,450,1,450,0.5548,A,NA,2019-2020,1,2019,2015
1511001,KIDS UNLIMITED OF OREGON,1,429,1,429,0.5548,A,NA,2020-2021,1,2020,2015
1811002,KLAMATH CO SD,22,6602,17,4319,NA,NA,S,2017-2018,1,2017,2017
1811002,KLAMATH CO SD,22,6475,17,4235,NA,NA,S,2019-2020,1,2019,2017
1811002,KLAMATH CO SD,22,6530,17,4186,NA,NA,S,2018-2019,1,2018,2017
1811002,KLAMATH COUNTY SD,22,6233,21,6234,0.4556,NA,S,2020-2021,1,2020,2014
1811002,KLAMATH COUNTY SD,22,6197,15,3636,NA,NA,S,2014-2015,1,2014,2014
1811002,KLAMATH COUNTY SD,22,6225,15,3636,NA,NA,S,2015-2016,1,2015,2014
1811002,KLAMATH COUNTY SD,22,6388,16,3727,NA,NA,S,2016-2017,1,2016,2014
1805001,KLAMATH FALLS CITY SCHOOLS,1,174,1,186,0.4892,A,NA,2020-2021,1,2020,2014
1811005,KLAMATH FALLS CITY SCHOOLS,8,2589,7,2753,0.551,NA,S,2020-2021,1,2020,2014
1805001,KLAMATH FALLS CITY SCHOOLS,1,188,1,188,0.4892,A,NA,2019-2020,1,2019,2014
1811005,KLAMATH FALLS CITY SCHOOLS,7,2592,5,1617,NA,NA,S,2019-2020,1,2019,2014
1811005,KLAMATH FALLS CITY SCHOOLS,7,2859,4,1709,NA,NA,S,2017-2018,1,2017,2014
1811005,KLAMATH FALLS CITY SCHOOLS,7,2844,4,1663,NA,NA,S,2018-2019,1,2018,2014
1811005,KLAMATH FALLS CITY SCHOOLS,7,2666,3,1050,NA,NA,S,2016-2017,1,2016,2014
1811005,KLAMATH FALLS CITY SCHOOLS,8,2852,3,1050,NA,NA,S,2015-2016,1,2015,2014
1811005,KLAMATH FALLS CITY SCHOOLS,7,2927,3,1050,NA,NA,S,2014-2015,1,2014,2014
3112001,LA GRANDE SD 1,5,1961,4,1611,0.4128,NA,S,2020-2021,1,2020,2014
3112001,LA GRANDE SD 1,6,2174,3,781,NA,NA,S,2014-2015,1,2014,2014
3112001,LA GRANDE SD 1,6,2224,3,781,NA,NA,S,2015-2016,1,2015,2014
3112001,LA GRANDE SD 1,6,2283,3,781,NA,NA,S,2016-2017,1,2016,2014
3112001,LA GRANDE SD 1,5,2158,1,338,NA,NA,S,2017-2018,1,2017,2014
3112001,LA GRANDE SD 1,5,2378,1,333,NA,NA,S,2018-2019,1,2018,2014
3112001,LA GRANDE SD 1,5,2308,1,316,NA,NA,S,2019-2020,1,2019,2014
2212001,LEBANON COMMUNITY SD 9,8,3475,7,2574,NA,NA,S,2020-2021,1,2020,2015
2212001,LEBANON COMMUNITY SD 9,8,3838,5,2053,NA,NA,S,2019-2020,1,2019,2015
2212001,LEBANON COMMUNITY SD 9,8,3875,5,2067,NA,NA,S,2018-2019,1,2018,2015
2212001,LEBANON COMMUNITY SD 9,8,3837,5,2025,NA,NA,S,2017-2018,1,2017,2015
2212001,LEBANON COMMUNITY SD 9,8,3803,4,1406,NA,NA,S,2016-2017,1,2016,2015
2212001,LEBANON COMMUNITY SD 9,8,3787,2,694,NA,NA,S,2015-2016,1,2015,2015
2112001,LINCOLN CO SD,14,5337,14,5337,0.5153,A,NA,2017-2018,1,2017,2017
2112001,LINCOLN CO SD,13,5347,13,5347,0.5153,A,NA,2018-2019,1,2018,2017
2112001,LINCOLN CO SD,14,5395,14,5395,0.406,A,NA,2019-2020,1,2019,2017
2112001,LINCOLN COUNTY SD,14,4495,14,5385,0.406,A,NA,2020-2021,1,2020,2015
2112001,LINCOLN COUNTY SD,14,4943,14,5195,0.5153,A,NA,2016-2017,1,2016,2015
2112001,LINCOLN COUNTY SD,14,5356,14,5195,0.5153,A,NA,2015-2016,1,2015,2015
1212001,LONG CREEK SD 17,1,37,1,41,0.5366,A,NA,2020-2021,1,2020,2015
1212001,LONG CREEK SD 17,1,30,1,31,0.4839,A,NA,2016-2017,1,2016,2015
1212001,LONG CREEK SD 17,1,32,1,32,0.4839,A,NA,2017-2018,1,2017,2015
1212001,LONG CREEK SD 17,1,39,1,39,0.4839,A,NA,2018-2019,1,2018,2015
1212001,LONG CREEK SD 17,1,39,1,39,0.5366,A,NA,2019-2020,1,2019,2015
1212001,LONG CREEK SD 17,1,34,1,31,0.4839,A,NA,2015-2016,1,2015,2015
2012005,LOWELL SD 71,3,473,2,361,NA,NA,S,2020-2021,1,2020,2014
2012005,LOWELL SD 71,3,508,2,367,NA,NA,S,2019-2020,1,2019,2014
2012005,LOWELL SD 71,4,473,2,326,NA,NA,S,2017-2018,1,2017,2014
2012005,LOWELL SD 71,4,494,2,338,NA,NA,S,2018-2019,1,2018,2014
2012005,LOWELL SD 71,3,392,2,254,NA,NA,S,2015-2016,1,2015,2014
2012005,LOWELL SD 71,3,444,2,254,NA,NA,S,2016-2017,1,2016,2014
2012005,LOWELL SD 71,3,336,1,122,NA,NA,S,2014-2015,1,2014,2014
2013001,MAPLETON SD 32,2,149,2,165,0.6242,A,NA,2014-2015,1,2014,2014
2013001,MAPLETON SD 32,2,152,2,165,0.7229,A,NA,2016-2017,1,2016,2014
2013001,MAPLETON SD 32,2,142,2,143,0.5664,A,NA,2020-2021,1,2020,2014
2013001,MAPLETON SD 32,2,164,2,165,0.6242,A,NA,2015-2016,1,2015,2014
2013001,MAPLETON SD 32,2,139,2,139,0.6242,A,NA,2017-2018,1,2017,2014
2013001,MAPLETON SD 32,2,148,2,148,0.5664,A,NA,2018-2019,1,2018,2014
2013001,MAPLETON SD 32,2,148,2,148,0.5664,A,NA,2019-2020,1,2019,2014
2013003,MCKENZIE SD 68,2,185,2,217,NA,A,NA,2015-2016,1,2015,2015
2013003,MCKENZIE SD 68,2,186,2,204,NA,A,NA,2016-2017,1,2016,2015
2013003,MCKENZIE SD 68,1,188,1,199,0.4774,A,NA,2020-2021,1,2020,2015
2013003,MCKENZIE SD 68,2,189,2,189,NA,A,NA,2017-2018,1,2017,2015
2013003,MCKENZIE SD 68,2,196,2,196,NA,A,NA,2018-2019,1,2018,2015
2013003,MCKENZIE SD 68,1,62,1,62,0.4774,A,NA,2019-2020,1,2019,2015
3613001,MCMINNVILLE SD 40,9,6882,9,6882,NA,A,NA,2017-2018,1,2017,2014
3613001,MCMINNVILLE SD 40,9,6619,9,6514,NA,A,NA,2014-2015,1,2014,2014
3613001,MCMINNVILLE SD 40,9,6734,9,6514,NA,A,NA,2015-2016,1,2015,2014
3613001,MCMINNVILLE SD 40,9,6794,9,6514,NA,A,NA,2016-2017,1,2016,2014
3613001,MCMINNVILLE SD 40,9,6345,5,2557,NA,NA,S,2020-2021,1,2020,2014
3613001,MCMINNVILLE SD 40,9,6785,5,2541,NA,NA,S,2018-2019,1,2018,2014
3613001,MCMINNVILLE SD 40,9,6696,5,2447,NA,NA,S,2019-2020,1,2019,2014
1513001,MEDFORD SD 549C,21,11606,19,12097,NA,NA,S,2020-2021,1,2020,2014
1513001,MEDFORD SD 549C,21,12807,12,5860,NA,NA,S,2017-2018,1,2017,2014
1513001,MEDFORD SD 549C,21,12784,12,5802,NA,NA,S,2018-2019,1,2018,2014
1513001,MEDFORD SD 549C,21,12840,12,5767,NA,NA,S,2019-2020,1,2019,2014
1513001,MEDFORD SD 549C,20,12393,12,5550,NA,NA,S,2014-2015,1,2014,2014
1513001,MEDFORD SD 549C,21,12455,12,5550,NA,NA,S,2016-2017,1,2016,2014
1513001,MEDFORD SD 549C,21,12631,12,5550,NA,NA,S,2015-2016,1,2015,2014
3013001,MILTON-FREEWATER SD 7,5,1808,5,1808,0.4641,A,NA,2017-2018,1,2017,2017
3013001,MILTON-FREEWATER SD 7,4,1239,4,1239,0.4641,A,NA,2018-2019,1,2018,2017
3013001,MILTON-FREEWATER SD 7,3,1442,3,1442,0.4641,A,NA,2019-2020,1,2019,2017
3013001,MILTON-FREEWATER UNIFIED SD 7,4,1607,4,1470,0.4641,A,NA,2020-2021,1,2020,2020
2513001,MORROW SD 1,9,2213,9,2352,0.4209,A,NA,2020-2021,1,2020,2017
2513001,MORROW SD 1,9,2374,5,1255,NA,NA,S,2018-2019,1,2018,2017
2513001,MORROW SD 1,9,2338,5,1208,NA,NA,S,2019-2020,1,2019,2017
2513001,MORROW SD 1,9,2234,3,675,NA,NA,S,2017-2018,1,2017,2017
2613006,MT. SCOTT LEARNING CENTER,1,128,1,128,0.6094,A,NA,2014-2015,1,2014,2014
2613006,MT. SCOTT LEARNING CENTER,1,128,1,128,0.6094,A,NA,2015-2016,1,2015,2014
2613006,MT. SCOTT LEARNING CENTER,1,128,1,128,0.6094,A,NA,2016-2017,1,2016,2014
2613006,MT. SCOTT LEARNING CENTER,1,160,1,160,0.5625,A,NA,2017-2018,1,2017,2014
2613006,MT. SCOTT LEARNING CENTER,1,160,1,160,0.3766,A,NA,2018-2019,1,2018,2014
2613006,MT. SCOTT LEARNING CENTER,1,152,1,152,0.406,A,NA,2019-2020,1,2019,2014
2613006,MT. SCOTT LEARNING CENTER,1,133,1,133,0.406,A,NA,2020-2021,1,2020,2014
613002,MYRTLE POINT SD 41,2,578,2,641,NA,A,NA,2015-2016,1,2015,2014
613002,MYRTLE POINT SD 41,2,496,2,535,NA,A,NA,2020-2021,1,2020,2014
613002,MYRTLE POINT SD 41,2,617,2,641,NA,A,NA,2014-2015,1,2014,2014
613002,MYRTLE POINT SD 41,2,568,2,571,NA,A,NA,2016-2017,1,2016,2014
613002,MYRTLE POINT SD 41,2,594,2,594,NA,A,NA,2017-2018,1,2017,2014
613002,MYRTLE POINT SD 41,2,556,2,556,NA,A,NA,2018-2019,1,2018,2014
613002,MYRTLE POINT SD 41,2,539,2,539,NA,A,NA,2019-2020,1,2019,2014
2614007,NATIVE AMERICAN YOUTH AND FAMILY CENTER,1,91,1,91,0.6593,A,NA,2014-2015,1,2014,2014
2614007,NATIVE AMERICAN YOUTH AND FAMILY CENTER,1,91,1,91,0.6593,A,NA,2015-2016,1,2015,2014
2614007,NATIVE AMERICAN YOUTH AND FAMILY CENTER,1,91,1,91,0.6593,A,NA,2016-2017,1,2016,2014
2614007,NATIVE AMERICAN YOUTH AND FAMILY CENTER,1,60,1,60,0.6593,A,NA,2017-2018,1,2017,2014
2614007,NATIVE AMERICAN YOUTH AND FAMILY CENTER,1,53,1,53,0.6296,A,NA,2018-2019,1,2018,2014
2614007,NATIVE AMERICAN YOUTH AND FAMILY CENTER,1,63,1,63,0.6296,A,NA,2019-2020,1,2019,2014
2614007,NATIVE AMERICAN YOUTH AND FAMILY CENTER,1,54,1,54,0.6296,A,NA,2020-2021,1,2020,2014
2914002,NESTUCCA VALLEY SD 101J,2,455,2,486,0.428,A,NA,2020-2021,1,2020,2018
2914002,NESTUCCA VALLEY SD 101J,2,444,1,232,NA,NA,S,2018-2019,1,2018,2018
2914002,NESTUCCA VALLEY SD 101J,2,505,1,260,NA,NA,S,2019-2020,1,2019,2018
2014003,NETWORK CHARTER SCHOOL,1,108,1,108,0.6574,A,NA,2015-2016,1,2015,2015
2014003,NETWORK CHARTER SCHOOL,1,108,1,108,0.6574,A,NA,2016-2017,1,2016,2015
2014003,NETWORK CHARTER SCHOOL,1,118,1,118,0.6574,A,NA,2017-2018,1,2017,2015
2014003,NETWORK CHARTER SCHOOL,1,120,1,120,0.5728,A,NA,2018-2019,1,2018,2015
2014003,NETWORK CHARTER SCHOOL,1,116,1,116,0.4649,A,NA,2019-2020,1,2019,2015
2014003,NETWORK CHARTER SCHOOL,1,115,1,115,0.4435,A,NA,2020-2021,1,2020,2015
3614001,NEWBERG SD 29J,10,5182,3,1004,NA,NA,S,2017-2018,1,2017,2014
3614001,NEWBERG SD 29J,10,5112,3,895,NA,NA,S,2014-2015,1,2014,2014
3614001,NEWBERG SD 29J,10,5171,3,895,NA,NA,S,2015-2016,1,2015,2014
3614001,NEWBERG SD 29J,10,5196,3,895,NA,NA,S,2016-2017,1,2016,2014
3614001,NEWBERG SD 29J,10,4432,2,717,NA,NA,S,2020-2021,1,2020,2014
3614001,NEWBERG SD 29J,10,5100,2,714,NA,NA,S,2018-2019,1,2018,2014
3614001,NEWBERG SD 29J,10,4886,2,680,NA,NA,S,2019-2020,1,2019,2014
614001,NORTH BEND SD 13,4,2180,3,1495,NA,NA,S,2020-2021,1,2020,2020
314001,NORTH CLACKAMAS SD 12,30,14686,6,2306,NA,NA,S,2020-2021,1,2020,2014
314001,NORTH CLACKAMAS SD 12,29,16221,3,894,NA,NA,S,2019-2020,1,2019,2014
314001,NORTH CLACKAMAS SD 12,29,16123,2,631,NA,NA,S,2016-2017,1,2016,2014
314001,NORTH CLACKAMAS SD 12,29,16402,2,633,NA,NA,S,2017-2018,1,2017,2014
314001,NORTH CLACKAMAS SD 12,29,16267,2,603,NA,NA,S,2018-2019,1,2018,2014
314001,NORTH CLACKAMAS SD 12,29,15994,1,480,NA,NA,S,2014-2015,1,2014,2014
314001,NORTH CLACKAMAS SD 12,29,16125,1,480,NA,NA,S,2015-2016,1,2015,2014
1014001,NORTH DOUGLAS SD 22,2,319,2,364,0.4396,A,NA,2020-2021,1,2020,2019
1014001,NORTH DOUGLAS SD 22,2,353,2,353,0.4396,A,NA,2019-2020,1,2019,2019
3314003,NORTH WASCO CO. SD,6,2779,5,2012,NA,NA,S,2018-2019,1,2018,2017
3314003,NORTH WASCO CO. SD,6,2848,5,2040,NA,NA,S,2019-2020,1,2019,2017
3314003,NORTH WASCO CO. SD,6,2757,5,1964,NA,NA,S,2017-2018,1,2017,2017
3314003,NORTH WASCO COUNTY SD 21,7,2499,6,2669,NA,NA,S,2020-2021,1,2020,2014
3314003,NORTH WASCO COUNTY SD 21,6,2842,5,1943,NA,NA,S,2016-2017,1,2016,2014
3314003,NORTH WASCO COUNTY SD 21,6,2852,5,1943,NA,NA,S,2015-2016,1,2015,2014
3314003,NORTH WASCO COUNTY SD 21,8,2964,5,1943,NA,NA,S,2014-2015,1,2014,2014
2314001,NYSSA SD 26,4,1142,4,1142,0.6068,A,NA,2017-2018,1,2017,2014
2314001,NYSSA SD 26,4,1192,4,1192,0.667,A,NA,2018-2019,1,2018,2014
2314001,NYSSA SD 26,4,1197,4,1197,0.667,A,NA,2019-2020,1,2019,2014
2314001,NYSSA SD 26,4,1135,3,1114,0.6068,NA,S,2016-2017,1,2016,2014
2314001,NYSSA SD 26,4,1180,4,1149,0.667,A,NA,2020-2021,1,2020,2014
2314001,NYSSA SD 26,4,1147,3,1114,0.6068,NA,S,2015-2016,1,2015,2014
2314001,NYSSA SD 26,3,1150,3,1114,0.6068,A,NA,2014-2015,1,2014,2014
2015001,OAKRIDGE SD 76,3,369,3,551,0.5154,A,NA,2020-2021,1,2020,2016
2015001,OAKRIDGE SD 76,4,779,4,779,NA,A,NA,2019-2020,1,2019,2016
2015001,OAKRIDGE SD 76,4,391,1,307,NA,NA,S,2016-2017,1,2016,2016
2015001,OAKRIDGE SD 76,3,561,1,325,NA,NA,S,2018-2019,1,2018,2016
2015001,OAKRIDGE SD 76,3,555,1,314,NA,NA,S,2017-2018,1,2017,2016
2315001,ONTARIO SD 8C,7,2263,6,1666,NA,NA,S,2020-2021,1,2020,2014
2315001,ONTARIO SD 8C,7,2357,6,1710,NA,NA,S,2015-2016,1,2015,2014
2315001,ONTARIO SD 8C,7,2387,6,1710,NA,NA,S,2016-2017,1,2016,2014
2315001,ONTARIO SD 8C,7,2403,6,1710,NA,NA,S,2014-2015,1,2014,2014
2315001,ONTARIO SD 8C,7,2401,6,1706,NA,NA,S,2017-2018,1,2017,2014
2315001,ONTARIO SD 8C,7,2382,6,1687,NA,NA,S,2019-2020,1,2019,2014
2315001,ONTARIO SD 8C,7,2351,6,1656,NA,NA,S,2018-2019,1,2018,2014
2615002,OPEN SCHOOL INC.,1,60,1,60,NA,A,NA,2015-2016,1,2015,2015
2615002,OPEN SCHOOL INC.,2,139,2,139,NA,A,NA,2016-2017,1,2016,2015
2615002,OPEN SCHOOL INC.,1,130,1,130,0.6429,A,NA,2018-2019,1,2018,2015
2615002,OPEN SCHOOL INC.,1,150,1,150,0.6429,A,NA,2019-2020,1,2019,2015
2615002,OPEN SCHOOL INC.,1,112,1,112,NA,A,NA,2020-2021,1,2020,2015
2615002,OPEN SCHOOL. INC.,2,180,2,180,NA,A,NA,2017-2018,1,2017,2017
2616002,PARKROSE SD 3,6,2953,6,3063,0.4202,A,NA,2020-2021,1,2020,2014
2616002,PARKROSE SD 3,6,3194,5,2280,NA,NA,S,2016-2017,1,2016,2014
2616002,PARKROSE SD 3,6,3137,5,2219,NA,NA,S,2017-2018,1,2017,2014
2616002,PARKROSE SD 3,7,3273,5,2280,NA,NA,S,2015-2016,1,2015,2014
2616002,PARKROSE SD 3,6,2880,4,1541,NA,NA,S,2014-2015,1,2014,2014
2616002,PARKROSE SD 3,6,3096,3,1447,NA,NA,S,2019-2020,1,2019,2014
2616002,PARKROSE SD 3,6,3094,3,1439,NA,NA,S,2018-2019,1,2018,2014
3016001,PENDLETON SD 16,6,2767,4,1532,0.4954,NA,S,2020-2021,1,2020,2020
1016002,PHOENIX SCHOOL OF ROSEBURG,1,184,1,184,0.4578,A,NA,2019-2020,1,2019,2019
1016002,PHOENIX SCHOOL OF ROSEBURG,1,184,1,166,0.4578,A,NA,2020-2021,1,2020,2019
1516001,PHOENIX-TALENT SD 4,6,2383,6,2535,0.4848,A,NA,2020-2021,1,2020,2015
1516001,PHOENIX-TALENT SD 4,6,2539,5,1912,NA,NA,S,2019-2020,1,2019,2015
1516001,PHOENIX-TALENT SD 4,6,2569,3,1278,NA,NA,S,2018-2019,1,2018,2015
1516001,PHOENIX-TALENT SD 4,6,2582,3,1277,NA,NA,S,2017-2018,1,2017,2015
1516001,PHOENIX-TALENT SD 4,6,2645,3,1289,NA,NA,S,2016-2017,1,2016,2015
1516001,PHOENIX-TALENT SD 4,6,2671,3,1289,NA,NA,S,2015-2016,1,2015,2015
3016002,PILOT ROCK SD 2,2,280,2,314,0.4108,A,NA,2020-2021,1,2020,2018
3016002,PILOT ROCK SD 2,2,351,1,186,NA,NA,S,2018-2019,1,2018,2018
3016002,PILOT ROCK SD 2,2,371,1,165,NA,NA,S,2019-2020,1,2019,2018
816001,PORT ORFORD-LANGLOIS SD 2CJ,2,194,2,221,0.4525,A,NA,2020-2021,1,2020,2020
2616010,PORTLAND OIC,3,289,2,289,0.6471,NA,S,2014-2015,1,2014,2014
2616010,PORTLAND OIC,3,310,3,310,NA,A,NA,2015-2016,1,2015,2014
2616010,PORTLAND OIC,4,310,3,310,NA,NA,S,2016-2017,1,2016,2014
2616010,PORTLAND OIC,4,497,4,497,NA,A,NA,2017-2018,1,2017,2014
2616010,PORTLAND OIC,4,454,4,454,NA,A,NA,2018-2019,1,2018,2014
2616010,PORTLAND OIC,5,435,5,435,NA,A,NA,2020-2021,1,2020,2014
2616010,PORTLAND OIC,4,326,3,248,NA,NA,S,2019-2020,1,2019,2014
2616011,PORTLAND SD 1J,91,43903,50,21112,NA,NA,S,2020-2021,1,2020,2014
2616011,PORTLAND SD 1J,83,43430,25,11882,NA,NA,S,2014-2015,1,2014,2014
2616011,PORTLAND SD 1J,84,44246,25,11882,NA,NA,S,2015-2016,1,2015,2014
2616011,PORTLAND SD 1J,85,44801,25,11377,NA,NA,S,2016-2017,1,2016,2014
2616011,PORTLAND SD 1J,85,45583,13,5339,NA,NA,S,2017-2018,1,2017,2014
2616011,PORTLAND SD 1J,84,45743,14,5171,NA,NA,S,2018-2019,1,2018,2014
2616011,PORTLAND SD 1J,86,45963,14,4824,NA,NA,S,2019-2020,1,2019,2014
1516002,PROSPECT SD 59,1,198,1,225,0.5822,A,NA,2020-2021,1,2020,2014
1516002,PROSPECT SD 59,1,228,1,228,0.6332,A,NA,2017-2018,1,2017,2014
1516002,PROSPECT SD 59,1,222,1,222,0.5822,A,NA,2018-2019,1,2018,2014
1516002,PROSPECT SD 59,1,212,1,212,0.5822,A,NA,2019-2020,1,2019,2014
1516002,PROSPECT SD 59,1,232,1,229,0.6332,A,NA,2015-2016,1,2015,2014
1516002,PROSPECT SD 59,1,233,1,229,0.6332,A,NA,2016-2017,1,2016,2014
1516002,PROSPECT SD 59,1,243,1,229,0.6332,A,NA,2014-2015,1,2014,2014
918002,REDMOND SD 2J,15,6386,5,2211,NA,NA,S,2020-2021,1,2020,2014
918002,REDMOND SD 2J,13,6429,4,1792,NA,NA,S,2015-2016,1,2015,2014
918002,REDMOND SD 2J,13,6444,4,1792,NA,NA,S,2014-2015,1,2014,2014
918002,REDMOND SD 2J,15,7269,3,1375,NA,NA,S,2016-2017,1,2016,2014
918002,REDMOND SD 2J,15,7526,3,1158,NA,NA,S,2017-2018,1,2017,2014
918002,REDMOND SD 2J,15,7562,1,372,NA,NA,S,2018-2019,1,2018,2014
918002,REDMOND SD 2J,15,7483,1,333,NA,NA,S,2019-2020,1,2019,2014
1018001,REEDSPORT SD 105,2,256,2,648,NA,A,NA,2020-2021,1,2020,2014
1018001,REEDSPORT SD 105,2,271,2,585,0.5231,A,NA,2014-2015,1,2014,2014
1018001,REEDSPORT SD 105,2,296,2,585,0.5231,A,NA,2015-2016,1,2015,2014
1018001,REEDSPORT SD 105,2,356,2,585,0.5231,A,NA,2016-2017,1,2016,2014
1018001,REEDSPORT SD 105,2,648,2,648,NA,A,NA,2017-2018,1,2017,2014
1018001,REEDSPORT SD 105,2,647,2,647,NA,A,NA,2018-2019,1,2018,2014
1018001,REEDSPORT SD 105,2,662,2,662,NA,A,NA,2019-2020,1,2019,2014
2618002,REYNOLDS SD 7,23,10083,16,9126,NA,NA,S,2020-2021,1,2020,2014
2618002,REYNOLDS SD 7,22,10969,12,5974,NA,NA,S,2016-2017,1,2016,2014
2618002,REYNOLDS SD 7,23,11070,12,5974,NA,NA,S,2015-2016,1,2015,2014
2618002,REYNOLDS SD 7,20,11166,12,5974,NA,NA,S,2014-2015,1,2014,2014
2618002,REYNOLDS SD 7,22,10479,12,5465,NA,NA,S,2019-2020,1,2019,2014
2618002,REYNOLDS SD 7,22,10577,12,5440,NA,NA,S,2018-2019,1,2018,2014
2618002,REYNOLDS SD 7,22,11152,12,5734,NA,NA,S,2017-2018,1,2017,2014
2419004,SALEM-KEIZER SD 24J,77,39414,72,39892,NA,NA,S,2020-2021,1,2020,2014
2419004,SALEM-KEIZER SD 24J,73,40709,28,16996,NA,NA,S,2015-2016,1,2015,2014
2419004,SALEM-KEIZER SD 24J,74,41311,28,16996,NA,NA,S,2016-2017,1,2016,2014
2419004,SALEM-KEIZER SD 24J,70,40309,26,13397,NA,NA,S,2014-2015,1,2014,2014
2419004,SALEM/KEIZER SD 24J,77,41870,40,19564,NA,NA,S,2019-2020,1,2019,2017
2419004,SALEM/KEIZER SD 24J,73,41961,31,17285,NA,NA,S,2017-2018,1,2017,2017
2419004,SALEM/KEIZER SD 24J,76,41731,32,17025,NA,NA,S,2018-2019,1,2018,2017
2219006,SAND RIDGE CHARTER SCHOOL,3,142,1,150,NA,NA,S,2016-2017,1,2016,2016
2219006,SAND RIDGE CHARTER SCHOOL,3,556,1,198,NA,NA,S,2019-2020,1,2019,2016
2219006,SAND RIDGE CHARTER SCHOOL,3,506,1,169,NA,NA,S,2018-2019,1,2018,2016
2219006,SAND RIDGE CHARTER SCHOOL,3,489,1,152,NA,NA,S,2017-2018,1,2017,2016
2619004,SERENDIPITY CENTER,1,110,1,110,0.6091,A,NA,2015-2016,1,2015,2015
2619004,SERENDIPITY CENTER,1,110,1,110,NA,A,NA,2016-2017,1,2016,2015
2619004,SERENDIPITY CENTER,1,110,1,110,0.6091,A,NA,2017-2018,1,2017,2015
2619004,SERENDIPITY CENTER,1,105,1,105,0.6091,A,NA,2018-2019,1,2018,2015
2619004,SERENDIPITY CENTER,1,110,1,110,0.4298,A,NA,2019-2020,1,2019,2015
2619004,SERENDIPITY CENTER,1,114,1,114,0.4298,A,NA,2020-2021,1,2020,2015
3619001,SHERIDAN SD 48J,3,861,2,841,NA,NA,S,2016-2017,1,2016,2015
3619001,SHERIDAN SD 48J,5,1494,4,1406,NA,NA,S,2019-2020,1,2019,2015
3619001,SHERIDAN SD 48J,3,728,2,673,NA,NA,S,2020-2021,1,2020,2015
3619001,SHERIDAN SD 48J,4,917,3,829,NA,NA,S,2015-2016,1,2015,2015
3619001,SHERIDAN SD 48J,3,862,2,775,NA,NA,S,2017-2018,1,2017,2015
3619001,SHERIDAN SD 48J,3,835,2,747,NA,NA,S,2018-2019,1,2018,2015
2019002,SIUSLAW SD 97J,3,1222,3,1406,0.4225,A,NA,2020-2021,1,2020,2020
2019006,SOUTH LANE SD 45J3,8,2597,2,187,NA,NA,S,2019-2020,1,2019,2014
2019006,SOUTH LANE SD 45J3,8,2583,2,181,NA,NA,S,2017-2018,1,2017,2014
2019006,SOUTH LANE SD 45J3,7,2341,2,162,NA,NA,S,2020-2021,1,2020,2014
2019006,SOUTH LANE SD 45J3,8,2600,2,178,NA,NA,S,2018-2019,1,2018,2014
2019006,SOUTH LANE SD 45J3,8,2572,2,176,NA,NA,S,2016-2017,1,2016,2014
2019006,SOUTH LANE SD 45J3,8,2583,2,176,NA,NA,S,2015-2016,1,2015,2014
2019006,SOUTH LANE SD 45J3,8,2651,1,91,NA,NA,S,2014-2015,1,2014,2014
1019001,SOUTH UMPQUA SD 19,5,1382,5,1489,0.4527,A,NA,2020-2021,1,2020,2020
3319001,SOUTH WASCO COUNTY SD 1,2,217,2,249,0.4819,A,NA,2014-2015,1,2014,2014
3319001,SOUTH WASCO COUNTY SD 1,2,229,2,249,0.4819,A,NA,2015-2016,1,2015,2014
3319001,SOUTH WASCO COUNTY SD 1,2,247,2,249,0.4819,A,NA,2016-2017,1,2016,2014
3319001,SOUTH WASCO COUNTY SD 1,2,236,2,236,0.4819,A,NA,2017-2018,1,2017,2014
3319001,SOUTH WASCO COUNTY SD 1,2,236,2,236,0.4213,A,NA,2018-2019,1,2018,2014
3319001,SOUTH WASCO COUNTY SD 1,2,238,2,238,0.4213,A,NA,2019-2020,1,2019,2014
3319001,SOUTH WASCO COUNTY SD 1,2,237,2,235,0.4213,A,NA,2020-2021,1,2020,2014
2019007,SPRINGFIELD SD 19,23,8433,23,10101,0.4386,A,NA,2020-2021,1,2020,2015
2019007,SPRINGFIELD SD 19,23,10436,7,3151,NA,NA,S,2018-2019,1,2018,2015
2019007,SPRINGFIELD SD 19,23,10621,7,3129,NA,NA,S,2017-2018,1,2017,2015
2019007,SPRINGFIELD SD 19,23,10788,7,2999,NA,NA,S,2015-2016,1,2015,2015
2019007,SPRINGFIELD SD 19,23,10818,7,2999,NA,NA,S,2016-2017,1,2016,2015
2219004,SWEET HOME SD 55,6,2000,6,2129,0.4237,A,NA,2020-2021,1,2020,2014
2219004,SWEET HOME SD 55,6,1733,4,1137,NA,NA,S,2018-2019,1,2018,2014
2219004,SWEET HOME SD 55,6,2132,4,1117,NA,NA,S,2019-2020,1,2019,2014
2219004,SWEET HOME SD 55,6,2126,4,1106,NA,NA,S,2017-2018,1,2017,2014
2219004,SWEET HOME SD 55,6,2165,4,1006,NA,NA,S,2014-2015,1,2014,2014
2219004,SWEET HOME SD 55,6,2176,4,1006,NA,NA,S,2016-2017,1,2016,2014
2219004,SWEET HOME SD 55,6,2194,4,1006,NA,NA,S,2015-2016,1,2015,2014
1720001,THREE RIVERS/JOSEPHINE COUNTY SD,14,4044,13,4443,0.4684,NA,S,2020-2021,1,2020,2014
1720001,THREE RIVERS/JOSEPHINE COUNTY SD,13,4309,10,3222,NA,NA,S,2019-2020,1,2019,2014
1720001,THREE RIVERS/JOSEPHINE COUNTY SD,13,4354,9,2877,NA,NA,S,2018-2019,1,2018,2014
1720001,THREE RIVERS/JOSEPHINE COUNTY SD,13,4420,9,2870,NA,NA,S,2017-2018,1,2017,2014
1720001,THREE RIVERS/JOSEPHINE COUNTY SD,13,4497,9,2817,NA,NA,S,2015-2016,1,2015,2014
1720001,THREE RIVERS/JOSEPHINE COUNTY SD,13,4524,9,2817,NA,NA,S,2016-2017,1,2016,2014
1720001,THREE RIVERS/JOSEPHINE COUNTY SD,13,4599,7,2122,NA,NA,S,2014-2015,1,2014,2014
3420001,TIGARD-TUALATIN SD 23J,17,12488,2,744,NA,NA,S,2016-2017,1,2016,2014
3420001,TIGARD-TUALATIN SD 23J,17,12497,2,732,NA,NA,S,2015-2016,1,2015,2014
3420001,TIGARD-TUALATIN SD 23J,17,12508,2,722,NA,NA,S,2017-2018,1,2017,2014
3420001,TIGARD-TUALATIN SD 23J,17,12526,2,723,NA,NA,S,2018-2019,1,2018,2014
3420001,TIGARD-TUALATIN SD 23J,16,12250,1,623,NA,NA,S,2014-2015,1,2014,2014
2920002,TILLAMOOK SD 9,6,2076,4,1237,NA,NA,S,2020-2021,1,2020,2018
2920002,TILLAMOOK SD 9,6,2258,1,78,NA,NA,S,2019-2020,1,2019,2018
2920002,TILLAMOOK SD 9,6,2261,1,71,NA,NA,S,2018-2019,1,2018,2018
3021002,UMATILLA SD 6R,3,1343,3,1343,0.6288,A,NA,2017-2018,1,2017,2014
3021002,UMATILLA SD 6R,3,1365,3,1365,0.6077,A,NA,2018-2019,1,2018,2014
3021002,UMATILLA SD 6R,3,1379,3,1379,0.6077,A,NA,2019-2020,1,2019,2014
3021002,UMATILLA SD 6R,4,1356,3,1355,0.6288,NA,S,2016-2017,1,2016,2014
3021002,UMATILLA SD 6R,4,1372,4,1355,0.6288,A,NA,2015-2016,1,2015,2014
3021002,UMATILLA SD 6R,3,1382,3,1355,0.6288,A,NA,2014-2015,1,2014,2014
3021002,UMATILLA SD 6R,3,1440,3,1351,0.6077,A,NA,2020-2021,1,2020,2014
2322001,VALE SD 84,5,909,5,962,0.4023,A,NA,2015-2016,1,2015,2014
2322001,VALE SD 84,5,923,5,962,0.4023,A,NA,2014-2015,1,2014,2014
2322001,VALE SD 84,6,933,5,962,0.4023,NA,S,2016-2017,1,2016,2014
2322001,VALE SD 84,5,955,5,955,0.4023,A,NA,2017-2018,1,2017,2014
2322001,VALE SD 84,5,907,5,907,0.3509,A,NA,2018-2019,1,2018,2014
2322001,VALE SD 84,5,786,4,668,NA,NA,S,2020-2021,1,2020,2014
2322001,VALE SD 84,5,944,4,681,NA,NA,S,2019-2020,1,2019,2014
2023009,WELLSPRINGS FRIENDS SCHOOL,1,50,1,50,0.42,A,NA,2015-2016,1,2015,2015
3623002,WILLAMINA SD 30J,3,891,3,891,0.5634,A,NA,2017-2018,1,2017,2014
3623002,WILLAMINA SD 30J,3,880,3,880,0.5634,A,NA,2018-2019,1,2018,2014
3623002,WILLAMINA SD 30J,3,845,3,845,0.5634,A,NA,2019-2020,1,2019,2014
3623002,WILLAMINA SD 30J,3,844,3,840,0.4821,A,NA,2020-2021,1,2020,2014
3623002,WILLAMINA SD 30J,3,835,3,785,0.6051,A,NA,2014-2015,1,2014,2014
3623002,WILLAMINA SD 30J,3,854,3,785,0.6051,A,NA,2015-2016,1,2015,2014
3623002,WILLAMINA SD 30J,3,905,3,785,0.6051,A,NA,2016-2017,1,2016,2014
1023001,WINSTON-DILLARD SD 116,6,1363,6,1440,0.4146,A,NA,2020-2021,1,2020,2019
1023001,WINSTON-DILLARD SD 116,6,1456,6,1456,0.4146,A,NA,2019-2020,1,2019,2019
2423006,WOODBURN SD 103,14,5342,14,5546,NA,A,NA,2020-2021,1,2020,2014
2423006,WOODBURN SD 103,13,5604,13,5604,NA,A,NA,2017-2018,1,2017,2014
2423006,WOODBURN SD 103,13,5535,13,5535,NA,A,NA,2018-2019,1,2018,2014
2423006,WOODBURN SD 103,13,18136,13,18136,NA,A,NA,2019-2020,1,2019,2014
2423006,WOODBURN SD 103,13,5631,14,5597,NA,NA,S,2016-2017,1,2016,2014
2423006,WOODBURN SD 103,14,5703,14,5620,NA,A,NA,2015-2016,1,2015,2014
2423006,WOODBURN SD 103,14,5732,14,5620,NA,A,NA,2014-2015,1,2014,2014
1025001,YONCALLA SD 32,2,248,2,251,0.4263,A,NA,2020-2021,1,2020,2019
1025001,YONCALLA SD 32,2,279,2,279,0.4263,A,NA,2019-2020,1,2019,2019